<annotation>
	<folder></folder>
	<filename>N1.jpeg</filename>
	<path>/Users/asik/Desktop/ANPR/images/N1.jpeg</path>
	<source>
		<database>Unknown</database>
	</source>
	<size>
		<width>1920</width>
		<height>1080</height>
		<depth>3</depth>
	</size>
	<segmented>0</segmented>
	<object>
		<name>number_plate</name>
		<pose>Unspecified</pose>
		<truncated>0</truncated>
		<difficult>0</difficult>
		<bndbox>
			<xmin>1093</xmin>
			<ymin>645</ymin>
			<xmax>1396</xmax>
			<ymax>727</ymax>
		</bndbox>
	</object>
</annotation>
