<annotation>
	<folder></folder>
	<filename>N102.jpeg</filename>
	<path>/Users/asik/Desktop/ANPR/images/N102.jpeg</path>
	<source>
		<database>Unknown</database>
	</source>
	<size>
		<width>478</width>
		<height>395</height>
		<depth>3</depth>
	</size>
	<segmented>0</segmented>
	<object>
		<name>number_plate</name>
		<pose>Unspecified</pose>
		<truncated>0</truncated>
		<difficult>0</difficult>
		<bndbox>
			<xmin>164</xmin>
			<ymin>216</ymin>
			<xmax>316</xmax>
			<ymax>243</ymax>
		</bndbox>
	</object>
</annotation>
