<annotation>
	<folder></folder>
	<filename>N117.jpeg</filename>
	<path>/Users/asik/Desktop/ANPR/images/N117.jpeg</path>
	<source>
		<database>Unknown</database>
	</source>
	<size>
		<width>602</width>
		<height>339</height>
		<depth>3</depth>
	</size>
	<segmented>0</segmented>
	<object>
		<name>number_plate</name>
		<pose>Unspecified</pose>
		<truncated>0</truncated>
		<difficult>0</difficult>
		<bndbox>
			<xmin>120</xmin>
			<ymin>161</ymin>
			<xmax>249</xmax>
			<ymax>202</ymax>
		</bndbox>
	</object>
</annotation>
