<annotation>
	<folder></folder>
	<filename>N119.jpeg</filename>
	<path>/Users/asik/Desktop/ANPR/images/N119.jpeg</path>
	<source>
		<database>Unknown</database>
	</source>
	<size>
		<width>678</width>
		<height>475</height>
		<depth>3</depth>
	</size>
	<segmented>0</segmented>
	<object>
		<name>number_plate</name>
		<pose>Unspecified</pose>
		<truncated>0</truncated>
		<difficult>0</difficult>
		<bndbox>
			<xmin>180</xmin>
			<ymin>216</ymin>
			<xmax>559</xmax>
			<ymax>314</ymax>
		</bndbox>
	</object>
</annotation>
