<annotation>
	<folder></folder>
	<filename>N127.jpeg</filename>
	<path>/Users/asik/Desktop/ANPR/images/N127.jpeg</path>
	<source>
		<database>Unknown</database>
	</source>
	<size>
		<width>505</width>
		<height>343</height>
		<depth>3</depth>
	</size>
	<segmented>0</segmented>
	<object>
		<name>number_plate</name>
		<pose>Unspecified</pose>
		<truncated>0</truncated>
		<difficult>0</difficult>
		<bndbox>
			<xmin>24</xmin>
			<ymin>209</ymin>
			<xmax>142</xmax>
			<ymax>245</ymax>
		</bndbox>
	</object>
</annotation>
