<annotation>
	<folder></folder>
	<filename>N136.jpeg</filename>
	<path>/Users/asik/Desktop/ANPR/images/N136.jpeg</path>
	<source>
		<database>Unknown</database>
	</source>
	<size>
		<width>1632</width>
		<height>918</height>
		<depth>3</depth>
	</size>
	<segmented>0</segmented>
	<object>
		<name>number_plate</name>
		<pose>Unspecified</pose>
		<truncated>0</truncated>
		<difficult>0</difficult>
		<bndbox>
			<xmin>787</xmin>
			<ymin>473</ymin>
			<xmax>910</xmax>
			<ymax>513</ymax>
		</bndbox>
	</object>
</annotation>
