<annotation>
	<folder></folder>
	<filename>N147.jpeg</filename>
	<path>/Users/asik/Desktop/ANPR/images/N147.jpeg</path>
	<source>
		<database>Unknown</database>
	</source>
	<size>
		<width>1070</width>
		<height>907</height>
		<depth>3</depth>
	</size>
	<segmented>0</segmented>
	<object>
		<name>number_plate</name>
		<pose>Unspecified</pose>
		<truncated>0</truncated>
		<difficult>0</difficult>
		<bndbox>
			<xmin>424</xmin>
			<ymin>548</ymin>
			<xmax>613</xmax>
			<ymax>591</ymax>
		</bndbox>
	</object>
</annotation>
