<annotation>
	<folder></folder>
	<filename>N15.jpeg</filename>
	<path>/Users/asik/Desktop/ANPR/images/N15.jpeg</path>
	<source>
		<database>Unknown</database>
	</source>
	<size>
		<width>1920</width>
		<height>1080</height>
		<depth>3</depth>
	</size>
	<segmented>0</segmented>
	<object>
		<name>number_plate</name>
		<pose>Unspecified</pose>
		<truncated>0</truncated>
		<difficult>0</difficult>
		<bndbox>
			<xmin>582</xmin>
			<ymin>622</ymin>
			<xmax>853</xmax>
			<ymax>691</ymax>
		</bndbox>
	</object>
</annotation>
