<annotation>
	<folder></folder>
	<filename>N192.jpeg</filename>
	<path>/Users/asik/Desktop/ANPR/images/N192.jpeg</path>
	<source>
		<database>Unknown</database>
	</source>
	<size>
		<width>1250</width>
		<height>703</height>
		<depth>3</depth>
	</size>
	<segmented>0</segmented>
	<object>
		<name>number_plate</name>
		<pose>Unspecified</pose>
		<truncated>0</truncated>
		<difficult>0</difficult>
		<bndbox>
			<xmin>543</xmin>
			<ymin>390</ymin>
			<xmax>769</xmax>
			<ymax>461</ymax>
		</bndbox>
	</object>
</annotation>
