<annotation>
	<folder></folder>
	<filename>N199.jpeg</filename>
	<path>/Users/asik/Desktop/ANPR/images/N199.jpeg</path>
	<source>
		<database>Unknown</database>
	</source>
	<size>
		<width>534</width>
		<height>337</height>
		<depth>3</depth>
	</size>
	<segmented>0</segmented>
	<object>
		<name>number_plate</name>
		<pose>Unspecified</pose>
		<truncated>0</truncated>
		<difficult>0</difficult>
		<bndbox>
			<xmin>45</xmin>
			<ymin>206</ymin>
			<xmax>112</xmax>
			<ymax>255</ymax>
		</bndbox>
	</object>
</annotation>
