<annotation>
	<folder></folder>
	<filename>N200.jpeg</filename>
	<path>/Users/asik/Desktop/ANPR/images/N200.jpeg</path>
	<source>
		<database>Unknown</database>
	</source>
	<size>
		<width>600</width>
		<height>486</height>
		<depth>3</depth>
	</size>
	<segmented>0</segmented>
	<object>
		<name>number_plate</name>
		<pose>Unspecified</pose>
		<truncated>0</truncated>
		<difficult>0</difficult>
		<bndbox>
			<xmin>196</xmin>
			<ymin>227</ymin>
			<xmax>442</xmax>
			<ymax>293</ymax>
		</bndbox>
	</object>
</annotation>
