<annotation>
	<folder></folder>
	<filename>N217.jpeg</filename>
	<path>/Users/asik/Desktop/ANPR/images/N217.jpeg</path>
	<source>
		<database>Unknown</database>
	</source>
	<size>
		<width>1024</width>
		<height>682</height>
		<depth>3</depth>
	</size>
	<segmented>0</segmented>
	<object>
		<name>number_plate</name>
		<pose>Unspecified</pose>
		<truncated>0</truncated>
		<difficult>0</difficult>
		<bndbox>
			<xmin>404</xmin>
			<ymin>429</ymin>
			<xmax>585</xmax>
			<ymax>468</ymax>
		</bndbox>
	</object>
</annotation>
