<annotation>
	<folder></folder>
	<filename>N219.jpeg</filename>
	<path>/Users/asik/Desktop/ANPR/images/N219.jpeg</path>
	<source>
		<database>Unknown</database>
	</source>
	<size>
		<width>300</width>
		<height>225</height>
		<depth>3</depth>
	</size>
	<segmented>0</segmented>
	<object>
		<name>number_plate</name>
		<pose>Unspecified</pose>
		<truncated>1</truncated>
		<difficult>0</difficult>
		<bndbox>
			<xmin>1</xmin>
			<ymin>92</ymin>
			<xmax>300</xmax>
			<ymax>154</ymax>
		</bndbox>
	</object>
</annotation>
