<annotation>
	<folder></folder>
	<filename>N224.jpeg</filename>
	<path>/Users/asik/Desktop/ANPR/images/N224.jpeg</path>
	<source>
		<database>Unknown</database>
	</source>
	<size>
		<width>442</width>
		<height>333</height>
		<depth>3</depth>
	</size>
	<segmented>0</segmented>
	<object>
		<name>number_plate</name>
		<pose>Unspecified</pose>
		<truncated>0</truncated>
		<difficult>0</difficult>
		<bndbox>
			<xmin>164</xmin>
			<ymin>223</ymin>
			<xmax>272</xmax>
			<ymax>247</ymax>
		</bndbox>
	</object>
</annotation>
