<annotation>
	<folder></folder>
	<filename>N236.jpeg</filename>
	<path>/Users/asik/Desktop/ANPR/images/N236.jpeg</path>
	<source>
		<database>Unknown</database>
	</source>
	<size>
		<width>462</width>
		<height>290</height>
		<depth>3</depth>
	</size>
	<segmented>0</segmented>
	<object>
		<name>number_plate</name>
		<pose>Unspecified</pose>
		<truncated>0</truncated>
		<difficult>0</difficult>
		<bndbox>
			<xmin>313</xmin>
			<ymin>111</ymin>
			<xmax>380</xmax>
			<ymax>141</ymax>
		</bndbox>
	</object>
</annotation>
