<annotation>
	<folder></folder>
	<filename>N247.jpeg</filename>
	<path>/Users/asik/Desktop/ANPR/images/N247.jpeg</path>
	<source>
		<database>Unknown</database>
	</source>
	<size>
		<width>1569</width>
		<height>1119</height>
		<depth>3</depth>
	</size>
	<segmented>0</segmented>
	<object>
		<name>number_plate</name>
		<pose>Unspecified</pose>
		<truncated>0</truncated>
		<difficult>0</difficult>
		<bndbox>
			<xmin>641</xmin>
			<ymin>518</ymin>
			<xmax>886</xmax>
			<ymax>578</ymax>
		</bndbox>
	</object>
</annotation>
