<annotation>
	<folder></folder>
	<filename>N45.jpeg</filename>
	<path>/Users/asik/Desktop/ANPR/images/N45.jpeg</path>
	<source>
		<database>Unknown</database>
	</source>
	<size>
		<width>330</width>
		<height>267</height>
		<depth>3</depth>
	</size>
	<segmented>0</segmented>
	<object>
		<name>number_plate</name>
		<pose>Unspecified</pose>
		<truncated>0</truncated>
		<difficult>0</difficult>
		<bndbox>
			<xmin>107</xmin>
			<ymin>147</ymin>
			<xmax>256</xmax>
			<ymax>180</ymax>
		</bndbox>
	</object>
</annotation>
