<annotation>
	<folder></folder>
	<filename>N64.jpeg</filename>
	<path>/Users/asik/Desktop/ANPR/images/N64.jpeg</path>
	<source>
		<database>Unknown</database>
	</source>
	<size>
		<width>654</width>
		<height>380</height>
		<depth>3</depth>
	</size>
	<segmented>0</segmented>
	<object>
		<name>number_plate</name>
		<pose>Unspecified</pose>
		<truncated>0</truncated>
		<difficult>0</difficult>
		<bndbox>
			<xmin>19</xmin>
			<ymin>249</ymin>
			<xmax>94</xmax>
			<ymax>314</ymax>
		</bndbox>
	</object>
</annotation>
