<annotation>
	<folder></folder>
	<filename>N69.jpeg</filename>
	<path>/Users/asik/Desktop/ANPR/images/N69.jpeg</path>
	<source>
		<database>Unknown</database>
	</source>
	<size>
		<width>1200</width>
		<height>800</height>
		<depth>3</depth>
	</size>
	<segmented>0</segmented>
	<object>
		<name>number_plate</name>
		<pose>Unspecified</pose>
		<truncated>0</truncated>
		<difficult>0</difficult>
		<bndbox>
			<xmin>637</xmin>
			<ymin>464</ymin>
			<xmax>840</xmax>
			<ymax>549</ymax>
		</bndbox>
	</object>
</annotation>
