<annotation>
	<folder></folder>
	<filename>N75.jpeg</filename>
	<path>/Users/asik/Desktop/ANPR/images/N75.jpeg</path>
	<source>
		<database>Unknown</database>
	</source>
	<size>
		<width>1154</width>
		<height>1199</height>
		<depth>3</depth>
	</size>
	<segmented>0</segmented>
	<object>
		<name>number_plate</name>
		<pose>Unspecified</pose>
		<truncated>0</truncated>
		<difficult>0</difficult>
		<bndbox>
			<xmin>466</xmin>
			<ymin>680</ymin>
			<xmax>740</xmax>
			<ymax>737</ymax>
		</bndbox>
	</object>
</annotation>
