<annotation>
	<folder></folder>
	<filename>N79.jpeg</filename>
	<path>/Users/asik/Desktop/ANPR/images/N79.jpeg</path>
	<source>
		<database>Unknown</database>
	</source>
	<size>
		<width>547</width>
		<height>546</height>
		<depth>3</depth>
	</size>
	<segmented>0</segmented>
	<object>
		<name>number_plate</name>
		<pose>Unspecified</pose>
		<truncated>0</truncated>
		<difficult>0</difficult>
		<bndbox>
			<xmin>113</xmin>
			<ymin>288</ymin>
			<xmax>277</xmax>
			<ymax>347</ymax>
		</bndbox>
	</object>
</annotation>
