<annotation>
	<folder></folder>
	<filename>N9.jpeg</filename>
	<path>/Users/asik/Desktop/ANPR/images/N9.jpeg</path>
	<source>
		<database>Unknown</database>
	</source>
	<size>
		<width>499</width>
		<height>287</height>
		<depth>3</depth>
	</size>
	<segmented>0</segmented>
	<object>
		<name>num_plate</name>
		<pose>Unspecified</pose>
		<truncated>0</truncated>
		<difficult>0</difficult>
		<bndbox>
			<xmin>142</xmin>
			<ymin>55</ymin>
			<xmax>441</xmax>
			<ymax>167</ymax>
		</bndbox>
	</object>
</annotation>
