<annotation>
	<folder></folder>
	<filename>N95.jpeg</filename>
	<path>/Users/asik/Desktop/ANPR/images/N95.jpeg</path>
	<source>
		<database>Unknown</database>
	</source>
	<size>
		<width>450</width>
		<height>600</height>
		<depth>3</depth>
	</size>
	<segmented>0</segmented>
	<object>
		<name>number_plate</name>
		<pose>Unspecified</pose>
		<truncated>0</truncated>
		<difficult>0</difficult>
		<bndbox>
			<xmin>23</xmin>
			<ymin>173</ymin>
			<xmax>408</xmax>
			<ymax>391</ymax>
		</bndbox>
	</object>
</annotation>
