<annotation>
	<folder></folder>
	<filename>N96.jpeg</filename>
	<path>/Users/asik/Desktop/ANPR/images/N96.jpeg</path>
	<source>
		<database>Unknown</database>
	</source>
	<size>
		<width>450</width>
		<height>290</height>
		<depth>3</depth>
	</size>
	<segmented>0</segmented>
	<object>
		<name>number_plate</name>
		<pose>Unspecified</pose>
		<truncated>0</truncated>
		<difficult>0</difficult>
		<bndbox>
			<xmin>137</xmin>
			<ymin>141</ymin>
			<xmax>352</xmax>
			<ymax>186</ymax>
		</bndbox>
	</object>
</annotation>
